Reviewer Name,Review Date,Review Content
Hau P.,18-Jan-25,"Sleek silver color adds elegance, Waterproof feature is great, Clear and easy-to-read display,  "
t***a,2 weeks ago,"Reka bentuk bergaya dan sporty, Tahan kejutan untuk gaya hidup aktif, smua ok.thanks kurir lazada üëç,thanks seller  "
Noraisahishak,3 weeks ago,"Micro light for low-light conditions, Accurate timekeeping, Shockproof for active lifestyles, Stylish and sporty design,  "
Lim B.,3 weeks ago,"Clear and easy-to-read display, Great value for money, Durable stainless steel band, Accurate timekeeping,  "
Lily W.,10-Feb-25,Nice watch. Worth waiting for. Easily adjustable. Clear and easy-to-read display. Thanks seller ‚ò∫Ô∏è 
LC W.,20-Jan-25,"Waterproof feature is great, Sleek silver color adds elegance, Clear and easy-to-read display, Durable stainless steel band, Shockproof for active lifestyles, Convenient daily alarm function,  "
Kefly M.,26-Jan-25,"Sleek silver color adds elegance, Durable stainless steel band, Clear and easy-to-read display,  "
intanf F.,23-Jan-25,"Durable stainless steel band, Stylish and sporty design, Waterproof feature is great,  "
M***e,19-Jan-25,"Sleek silver color adds elegance, Stylish and sporty design,  "
l***.,19-Nov-24,"Shockproof for active lifestyles, Accurate timekeeping, Durable stainless steel band, Waterproof feature is great, Stylish and sporty design, Micro light for low-light conditions, ‰∏çÂ•ΩÁî® "
*******205,26-Nov-24,"Sleek silver color adds elegance, Stylish and sporty design, Waterproof feature is great,  "
0***7,2-Jan-25,"Durable stainless steel band, Clear and easy-to-read display,  "
Gemma S.,13-Feb-25,cute and nice love it 
0***7,20-Nov-24,"Sleek silver color adds elegance, Great value for money, Accurate timekeeping,  "
W***l,20 hours ago,This watch quite small for those who have big wirst. Recommended for woman. Receive in Good quality. Dont expect to much for RM50 watch yee but this watch look expensive to be honest. Come with casio box‚ù§Ô∏è.  Can buy for your partner birthday gifts. Dont worry you can adjust watch strap easily with with watch 
K***.,23 minutes ago,"Fungsi penggera harian yang mudah, Tali keluli tahan karat yang tahan lama, Paparan yang jelas dan mudah dibaca, üëçüëçüëç "
Hairy B.,2 weeks ago,"Waterproof feature is great, Micro light for low-light conditions,  "
1***3,27-Dec-24,I bought it as a gift for my colleague. I personally love the simple but elegant design and the size is just perfect. I hope she loves it too. 
Jie S.,3-Jan-25,"Sleek silver color adds elegance, Waterproof feature is great.. tq free gift nya.. suka sgt.. "
Claudia L.,13-Dec-24,"Clear and easy-to-read display, Great value for money, Sleek silver color adds elegance, Durable stainless steel band, Waterproof feature is great, Micro light for low-light conditions "
